FirstName,LastName,EmailAddress
Bhanu,Magnusson,bhanumagnusson@tailspintoys.com
Ravindra,Aggarwal,ravindraaggarwal@wingtiptoys.com
Razeena,Chadalavada,razeenachadalavada@tailspintoys.com
Noel,Vassiljev,noelvassiljev@wingtiptoys.com
Lorin,Castellanos,lorincastellanos@example.com
Narayan,Nambiar,narayannambiar@tailspintoys.com
Tajana,Zalite,tajanazalite@wingtiptoys.com
Himani,Barua,himanibarua@wingtiptoys.com
Sulabha,Javaherian,sulabhajavaherian@tailspintoys.com
Sulabha,Saparkyzy,sulabhasaparkyzy@tailspintoys.com
Kristi,Nemeth,kristinemeth@example.com
Rohana,Magnusson,rohanamagnusson@tailspintoys.com
Paola,Stastna,paolastastna@wingtiptoys.com
Ambareesh,Gadiyaram,ambareeshgadiyaram@wingtiptoys.com
Deviprasad,Seleznyov,deviprasadseleznyov@wingtiptoys.com
Tarja,Kaulina,tarjakaulina@tailspintoys.com
Karie,Lamble,karielamble@tailspintoys.com
Daniella,Khalsa,daniellakhalsa@tailspintoys.com
Danielle,Farrelly,daniellefarrelly@wingtiptoys.com
Chati,Vladu,chativladu@wingtiptoys.com
Chetana,Sandhu,chetanasandhu@wingtiptoys.com
Rohana,Olteanu,rohanaolteanu@tailspintoys.com
Kadir,Rahimi,kadirrahimi@wingtiptoys.com
Sulabha,Banerjee,sulabhabanerjee@tailspintoys.com
Duleep,Fisher,duleepfisher@wingtiptoys.com
Anuj,Shakiba,anujshakiba@wingtiptoys.com
Bishnu,Sprogis,bishnusprogis@wingtiptoys.com
Bhaamini,Zahradnicek,bhaaminizahradnicek@wingtiptoys.com
Bhagavati,Singh,bhagavatisingh@example.com
Gadhar,Brasseur,gadharbrasseur@tailspintoys.com
Malle,Nutiu,mallenutiu@tailspintoys.com
Vaclav,Ibanescu,vaclavibanescu@tailspintoys.com
Viollette,Pelland,viollettepelland@tailspintoys.com
Sophie,Hansson,sophiehansson@wingtiptoys.com
Cai,Heikkinen,caiheikkinen@tailspintoys.com
Mikhail,Gruber,mikhailgruber@example.com
Magdalena,Spousta,magdalenaspousta@example.com
Maria,Part,mariapart@tailspintoys.com
Charline,Leigh,charlineleigh@wingtiptoys.com
Ranjeet,Pullela,ranjeetpullela@wingtiptoys.com
Anindo,Mishra,anindomishra@tailspintoys.com
Akshayakeerti,Lovric,akshayakeertilovric@wingtiptoys.com
Elnaz,Alizadeh,elnazalizadeh@tailspintoys.com
Basak,Cattaneo,basakcattaneo@wingtiptoys.com
Koknesis,Van Zant,koknesisvanzant@tailspintoys.com
Amit,Le,amitle@wingtiptoys.com
Carla,Olteanu,carlaolteanu@wingtiptoys.com
Ngu,Sandhu,ngusandhu@wingtiptoys.com
Jackson,Usenuly,jacksonusenuly@example.com
Maryann,Dikshit,maryanndikshit@example.com
Liia,Pelland,liiapelland@example.com
Marcel,Bagheri,marcelbagheri@tailspintoys.com
Darshan,Hybl,darshanhybl@tailspintoys.com
Damodar,Lippmaa,damodarlippmaa@example.com
Mikhail,Manfrin,mikhailmanfrin@example.com
Javier,Mishra,javiermishra@wingtiptoys.com
Indra,Molina,indramolina@wingtiptoys.com
Bahaar,Chowdary,bahaarchowdary@tailspintoys.com
Roman,Aalto,romanaalto@tailspintoys.com
Jai,Hulsegge,jaihulsegge@example.com
Rita,Morgan,ritamorgan@wingtiptoys.com
Pinja,Chakraborty,pinjachakraborty@example.com
Caterina,Dixit,caterinadixit@wingtiptoys.com
Karel,Lampsa,karellampsa@wingtiptoys.com
Baebeesarasvati,Henzl,baebeesarasvatihenzl@wingtiptoys.com
Biplab,English,biplabenglish@tailspintoys.com
Amaranaath,Torres,amaranaathtorres@tailspintoys.com
Bansidhar,Lu├ä┬ìic,bansidharlu├ñ┬ìic@tailspintoys.com
Nada,Pandit,nadapandit@example.com
Panit,Dikshit,panitdikshit@tailspintoys.com
Bill,Bender,billbender@fabrikam.com
Brenda,Heo,brendaheo@tailspintoys.com
Agnes,Hinton,agneshinton@tailspintoys.com
Bishwanath,Westerink,bishwanathwesterink@tailspintoys.com
Rodrigo,Mansouri,rodrigomansouri@example.com
Ngon,Napolitani,ngonnapolitani@wingtiptoys.com
Lucas,Gajula,lucasgajula@tailspintoys.com
Thomas,Myllari,thomasmyllari@tailspintoys.com
Chetana,Fard,chetanafard@tailspintoys.com
Emma,Babu,emmababu@example.com
Josefa,Cabrera,josefacabrera@tailspintoys.com
Manjunatha,Shahrestaani,manjunathashahrestaani@example.com
Amrita,Atluri,amritaatluri@example.com
Naseem,Sprogis,naseemsprogis@tailspintoys.com
Hoa,Huq,hoahuq@tailspintoys.com
Nicolo,Almeida,nicoloalmeida@example.com
Slavko,Valek,slavkovalek@wingtiptoys.com
Ethan,Ogra,ethanogra@wideworldimporters.com
Aamdaal,Kaskar,aamdaalkaskar@wingtiptoys.com
Kristophe,Barua,kristophebarua@wingtiptoys.com
Astrid,Kundzina,astridkundzina@wingtiptoys.com
Lukas,Kanepa,lukaskanepa@wingtiptoys.com
Roberts,Tang,robertstang@wingtiptoys.com
Teresa,Gajula,teresagajula@tailspintoys.com
Roman,Kask,romankask@tailspintoys.com
Chati,Escobar,chatiescobar@wingtiptoys.com
Bhairaam,Phan,bhairaamphan@wingtiptoys.com
Kamala,Kalnina,kamalakalnina@example.com
Adrijana,Buecek,adrijanabuecek@tailspintoys.com
Jae-Gon,Hanak,jae-gonhanak@tailspintoys.com
Calin,Loggia,calinloggia@wingtiptoys.com
Mudar,Vladu,mudarvladu@tailspintoys.com
Ganesh,Dzene,ganeshdzene@wingtiptoys.com
Sandhya,Parn,sandhyaparn@tailspintoys.com
Hanna,Berthelette,hannaberthelette@contoso.com
Rahul,Lawson,rahullawson@wingtiptoys.com
Jasna,Saidi,jasnasaidi@example.com
Blanka,Rastgu,blankarastgu@tailspintoys.com
Pinja,Vitols,pinjavitols@example.com
Irma,Kulaga,irmakulaga@example.com
Elisabeth,Kabin,elisabethkabin@tailspintoys.com
Irma,Seddigh,irmaseddigh@example.com
Daman,Jevtic,damanjevtic@tailspintoys.com
Sophia,Mazumdar,sophiamazumdar@wideworldimporters.com
Daina,Moore,dainamoore@tailspintoys.com
Huu,Lampsa,huulampsa@tailspintoys.com
Jae-Hwa,Oh,jae-hwaoh@wingtiptoys.com
Liidia,Radoncis,liidiaradoncis@example.com
Gaurav,Farrelly,gauravfarrelly@wingtiptoys.com
Adriana,Aasmae,adrianaaasmae@example.com
Ji-min,Walkky,ji-minwalkky@wingtiptoys.com
Ethan,Novacek,ethannovacek@tailspintoys.com
Banshari,Morse,bansharimorse@tailspintoys.com
Jure,Pena,jurepena@tailspintoys.com
Georg,Beniwal,georgbeniwal@tailspintoys.com
Nishant,Sandhu,nishantsandhu@wingtiptoys.com
Sunil,Morgan,sunilmorgan@wingtiptoys.com
Abel,Gallo,abelgallo@wingtiptoys.com
Mahavir,Poursokh,mahavirpoursokh@example.com
Suparna,Mutlu,suparnamutlu@example.com
Nasrin,Kamasamudram,nasrinkamasamudram@example.com
Aile,Horackova,ailehorackova@tailspintoys.com
Durdanah,Kalnins,durdanahkalnins@example.com
Ceyhun,Haldar,ceyhunhaldar@tailspintoys.com
Anand,senturk,anandsenturk@example.com
Bernadette,Kalejs,bernadettekalejs@tailspintoys.com
Cristina,Rezaei,cristinarezaei@tailspintoys.com
Sakchai,Negi,sakchainegi@wingtiptoys.com
Paola,Vangapandu,paolavangapandu@tailspintoys.com
Cyrus,Benda,cyrusbenda@tailspintoys.com
Baalaaditya,Nadar,baalaadityanadar@wingtiptoys.com
Dayaram,Monty,dayarammonty@wingtiptoys.com
Kanika,Chu,kanikachu@tailspintoys.com
Telma,Morales,telmamorales@tailspintoys.com
Andris,Gill,andrisgill@example.com
Sara,Jang,sarajang@tailspintoys.com
Sunil,Cavalcante,sunilcavalcante@wingtiptoys.com
Nejc,Arvidsson,nejcarvidsson@tailspintoys.com
Bhagavateeprasaad,Putkonen,bhagavateeprasaadputkonen@example.com
Chandra,Srivastava,chandrasrivastava@tailspintoys.com
Peeter,Hernandes,peeterhernandes@wingtiptoys.com
Bansidhar,Cao,bansidharcao@tailspintoys.com
Chandan,Nadar,chandannadar@tailspintoys.com
Gino,Devulapalli,ginodevulapalli@wingtiptoys.com
Theresa,Arslan,theresaarslan@tailspintoys.com
Biplab,Rebane,biplabrebane@tailspintoys.com
Hanna,Lu├ä┬ìic,hannalu├ñ┬ìic@contoso.com
Agnes,Voleti,agnesvoleti@tailspintoys.com
Ezgi,Ioveanu,ezgiioveanu@wingtiptoys.com
Bhavani,Mutlu,bhavanimutlu@tailspintoys.com
Tomo,Correa,tomocorrea@example.com
Dhanishta,Javan,dhanishtajavan@tailspintoys.com
Lucas,Byrraju,lucasbyrraju@tailspintoys.com
Gireesh,Sikdar,gireeshsikdar@wingtiptoys.com
Olly,Penttila,ollypenttila@adatum.com
Dattu,Araujo,dattuaraujo@wingtiptoys.com
Birol,Walkky,birolwalkky@wingtiptoys.com
Can,Kolios,cankolios@example.com
Surya,Stastna,suryastastna@tailspintoys.com
Dilara,Kulaga,dilarakulaga@tailspintoys.com
Yu-jin,Supitayaporn,yu-jinsupitayaporn@tailspintoys.com
Seo-yeon,Bordelon,seo-yeonbordelon@wingtiptoys.com
Adrijana,Banerjee,adrijanabanerjee@tailspintoys.com
Sirirat,ozden,siriratozden@wingtiptoys.com
Subhash,Lucchese,subhashlucchese@wingtiptoys.com
Dhanishta,Thota,dhanishtathota@example.com
Cai,Semjonov,caisemjonov@tailspintoys.com
Hue,Degtyarev,huedegtyarev@tailspintoys.com
Roman,Linna,romanlinna@tailspintoys.com
Javier,Svensson,javiersvensson@wingtiptoys.com
Adrian,Korjus,adriankorjus@wingtiptoys.com
Gurudas,Bose,gurudasbose@wingtiptoys.com
Matyas,Pokorna,matyaspokorna@tailspintoys.com
Suparna,Oh,suparnaoh@example.com
Diego,Zeman,diegozeman@tailspintoys.com
An Dung,Huiting,andunghuiting@wingtiptoys.com
Sunil,Oravec,suniloravec@wingtiptoys.com
Amornrat,Fernandes,amornratfernandes@tailspintoys.com
Andris,Atitarn,andrisatitarn@example.com
Pari,Dikshit,paridikshit@example.com
Doru,Vesik,doruvesik@wingtiptoys.com
Kurt,Paulet,kurtpaulet@wingtiptoys.com
Devraj,Vacha,devrajvacha@example.com
Hai,Arvidsson,haiarvidsson@example.com
Amanda,Paulet,amandapaulet@wingtiptoys.com
Theodore,Ruutli,theodoreruutli@tailspintoys.com
Amanat,Jogi,amanatjogi@tailspintoys.com
Bryan,Kjcar,bryankjcar@wingtiptoys.com
Raj,Eriksson,rajeriksson@example.com
Chati,Spousta,chatispousta@wingtiptoys.com
Banshari,Ornlamai,banshariornlamai@tailspintoys.com
Jimme,Arvidsson,jimmearvidsson@wingtiptoys.com
Leena,Jovicevic,leenajovicevic@wingtiptoys.com
Rahul,Debnath,rahuldebnath@wingtiptoys.com
Filips,Correa,filipscorrea@tailspintoys.com
Taj,Stojkovic,tajstojkovic@example.com
Narayan,Rupp,narayanrupp@tailspintoys.com
Jitka,Gill,jitkagill@example.com
Kumar,Nakhtare,kumarnakhtare@example.com
Yavuz,Nishad,yavuznishad@wingtiptoys.com
Kayla,Carpenter,kaylacarpenter@wideworldimporters.com
Libor,Spirlea,liborspirlea@wingtiptoys.com
Yavuz,Belisle,yavuzbelisle@wingtiptoys.com
Hai,Cosic,haicosic@thephone-company.com
Sevim,Aggarwal,sevimaggarwal@tailspintoys.com
Esha,Dogan,eshadogan@wingtiptoys.com
Lorin,Trung,lorintrung@example.com
Edgar,Helms,edgarhelms@example.com
Olya,Skujins,olyaskujins@wingtiptoys.com
Bhavani,Ganguly,bhavaniganguly@tailspintoys.com
Razeena,Conti,razeenaconti@wingtiptoys.com
Robert,Vacha,robertvacha@wingtiptoys.com
Ganesh,KlanCisar,ganeshklancisar@example.com
Satish,Ghosh,satishghosh@example.com
Amornrat,Pajer,amornratpajer@tailspintoys.com
Aleksander,Soderberg,aleksandersoderberg@tailspintoys.com
Penny,Friar,pennyfriar@graphicdesigninstitute.com
Daniel,Keskula,danielkeskula@example.com
Ana Julijana,Morales,anajulijanamorales@wingtiptoys.com
Aile,Hulsegge,ailehulsegge@wingtiptoys.com
Viljo,Chowdary,viljochowdary@tailspintoys.com
Huu,Srbova,huusrbova@tailspintoys.com
Gulzar,Barua,gulzarbarua@tailspintoys.com
Surat,Kaya,suratkaya@wingtiptoys.com
Farzana,Hoa,farzanahoa@tailspintoys.com
Bala,Udinesi,balaudinesi@wingtiptoys.com
Lana,Rajanala,lanarajanala@wingtiptoys.com
Agnes,Huiting,agneshuiting@tailspintoys.com
Isabelle,Logan,isabellelogan@tailspintoys.com
Murugan,Dixit,murugandixit@tailspintoys.com
Dhanishta,Rim,dhanishtarim@tailspintoys.com
Flora,Seleznyov,floraseleznyov@wingtiptoys.com
Pavol,Vlad,pavolvlad@tailspintoys.com
Shyam,Shand,shyamshand@example.com
Indra,Omelkova,indraomelkova@wingtiptoys.com
Shi,Cheema,shicheema@example.com
Kajsa,Green,kajsagreen@wingtiptoys.com
Jyoti,Kundzina,jyotikundzina@wingtiptoys.com
Chompunut,Ayd├ä┬▒n,chompunutayd├ñ┬▒n@tailspintoys.com
Geetanjali,Eder,geetanjalieder@tailspintoys.com
Adam,Srisati,adamsrisati@wingtiptoys.com
Bahaar,Florea,bahaarflorea@example.com
Lina,Macek,linamacek@tailspintoys.com
Predrag,Mannik,predragmannik@tailspintoys.com
Hai,Babu,haibabu@thephone-company.com
Sara,Conti,saraconti@tailspintoys.com
Ferhat,Acharya,ferhatacharya@tailspintoys.com
Flora,Jadhav,florajadhav@wingtiptoys.com
Harshini,Ude,harshiniude@tailspintoys.com
Neil,Krastins,neilkrastins@example.com
Odessa,Jogi,odessajogi@tailspintoys.com
Marcel,Couet,marcelcouet@tailspintoys.com
Nicole,Knihtila,nicoleknihtila@wingtiptoys.com
Duleep,Yekta,duleepyekta@tailspintoys.com
Lukas,Rattanaporn,lukasrattanaporn@wingtiptoys.com
Lovro,Jaramillo,lovrojaramillo@tailspintoys.com
Valentina,Rupp,valentinarupp@tailspintoys.com
Daniela,Saulitis,danielasaulitis@tailspintoys.com
Sunita,Paik,sunitapaik@lucernepublishing.com
Zala,Code,zalacode@tailspintoys.com
Prabodh,Hansson,prabodhhansson@example.com
Hanita,Hrastovsek,hanitahrastovsek@wingtiptoys.com
Aamdaal,Sonkar,aamdaalsonkar@wingtiptoys.com
Claude,Schulteisz,claudeschulteisz@wingtiptoys.com
Matheus,Balodis,matheusbalodis@nodpublishers.com
Slavko,Longo,slavkolongo@wingtiptoys.com
Ondrej,Hermansson,ondrejhermansson@wingtiptoys.com
Alica,Zeman,alicazeman@wideworldimporters.com
Bhaagyalakshmi,Aupry,bhaagyalakshmiaupry@wingtiptoys.com
Kalyani,Desai,kalyanidesai@example.com
Viollette,Barbosa,viollettebarbosa@tailspintoys.com
Razeena,Osorio,razeenaosorio@wingtiptoys.com
Darshana,Benko,darshanabenko@example.com
Ljubomir,Radoncis,ljubomirradoncis@wingtiptoys.com
Chetana,senturk,chetanasenturk@wingtiptoys.com
Laboni,Ngo,laboningo@tailspintoys.com
Andrei,Cunha,andreicunha@wingtiptoys.com
Aishwarya,Perrine,aishwaryaperrine@tailspintoys.com
Ethan,Gungor,ethangungor@tailspintoys.com
Damyanti,Arslan,damyantiarslan@wingtiptoys.com
Jibek,Raud,jibekraud@example.com
Kurt,Fields,kurtfields@tailspintoys.com
Lorraine,Lamy,lorrainelamy@tailspintoys.com
Rachelle,Voleti,rachellevoleti@tailspintoys.com
Daman,Ch├â┬ívez,damanch├ú┬ívez@tailspintoys.com
Dattaatraeya,Chadalavada,dattaatraeyachadalavada@wingtiptoys.com
Francesca,Van Groesen,francescavangroesen@wingtiptoys.com
Deeptendu,Sanyal,deeptendusanyal@wingtiptoys.com
Mahavir,Zalite,mahavirzalite@example.com
Chuan,Bunderla,chuanbunderla@example.com
Kaya,Lamble,kayalamble@wingtiptoys.com
Mariela,Manfrin,marielamanfrin@wingtiptoys.com
Aino,Hahl,ainohahl@tailspintoys.com
Gita,Dey,gitadey@tailspintoys.com
Bozena,Ude,bozenaude@tailspintoys.com
Biju,Dupuy,bijudupuy@example.com
Bill,kaushal,billkaushal@fabrikam.com
Krishnam,Emond,krishnamemond@example.com
Debbie,Ahven,debbieahven@example.com
Bholanath,Stoimenova,bholanathstoimenova@tailspintoys.com
Kaya,Kuchtova,kayakuchtova@wingtiptoys.com
Giri,Saidi,girisaidi@tailspintoys.com
Violetta,Y├ä┬▒lmaz,violettay├ñ┬▒lmaz@example.com
Mariela,Wongsawat,marielawongsawat@wingtiptoys.com
Naseem,Jelic,naseemjelic@tailspintoys.com
Arunima,Benko,arunimabenko@wingtiptoys.com
Bishwanath,Fallahi,bishwanathfallahi@tailspintoys.com
Miroslav,Astrom,miroslavastrom@wingtiptoys.com
Gurudas,Cetinkaya,gurudascetinkaya@wingtiptoys.com
Piper,Aggarwal,piperaggarwal@wideworldimporters.com
Christian,Wongsawat,christianwongsawat@example.com
Peter,Raud,peterraud@tailspintoys.com
Nghi,Kanaparthi,nghikanaparthi@tailspintoys.com
Lorenzo,Benko,lorenzobenko@tailspintoys.com
Heloisa,Sarkar,heloisasarkar@tailspintoys.com
Daniela,Bousquet,danielabousquet@tailspintoys.com
Floris,Martinez,florismartinez@wingtiptoys.com
Monika,Saidi,monikasaidi@wingtiptoys.com
Tara,Ogra,taraogra@wingtiptoys.com
Avani,Diaz,avanidiaz@tailspintoys.com
Sung-Hwan,Almaraz,sung-hwanalmaraz@tailspintoys.com
Mukta,Rao,muktarao@wingtiptoys.com
Ella,Shasthri,ellashasthri@wingtiptoys.com
Javiera,Ponce,javieraponce@tailspintoys.com
Afshin,Erdogan,afshinerdogan@tailspintoys.com
Sylvie,Szolosy,sylvieszolosy@example.com
Rakhshinda,Stojkovic,rakhshindastojkovic@wingtiptoys.com
Tereza,Kamasamudram,terezakamasamudram@tailspintoys.com
Daevasree,Sarma,daevasreesarma@example.com
Akanksha,Rezaei,akanksharezaei@tailspintoys.com
Alena,Chavva,alenachavva@tailspintoys.com
Ngon,Malk,ngonmalk@wingtiptoys.com
Sanjiv,Matondkar,sanjivmatondkar@wingtiptoys.com
Coralie,Sidhu,coraliesidhu@tailspintoys.com
Dhaaruni,Alizadeh,dhaarunializadeh@tailspintoys.com
Virgiliu,Ilic,virgiliuilic@tailspintoys.com
Antonio,Poddar,antoniopoddar@tailspintoys.com
Alaine,Kruze,alainekruze@tailspintoys.com
Airi,Darwin,airidarwin@tailspintoys.com
Hudson,Hulsegge,hudsonhulsegge@wideworldimporters.com
Amet,Cunha,ametcunha@example.com
Ivica,Marquis,ivicamarquis@tailspintoys.com
Vlastimil,Kamath,vlastimilkamath@tailspintoys.com
Ingrida,Goransson,ingridagoransson@example.com
Margherita,Celma,margheritacelma@tailspintoys.com
Andrea,Thota,andreathota@tailspintoys.com
Joy,Sahu,joysahu@tailspintoys.com
Hedi,Ilic,hediilic@tailspintoys.com
Agrita,Erdogan,agritaerdogan@example.com
Marcela,Jovicevic,marcelajovicevic@example.com
Svetlana,Beniwal,svetlanabeniwal@example.com
Natalia,Karlsson,nataliakarlsson@wingtiptoys.com
Hoc,Milano,hocmilano@example.com
Rodrigo,Jones,rodrigojones@example.com
Tarja,Hollenberg,tarjahollenberg@tailspintoys.com
Sara,Berthelette,saraberthelette@tailspintoys.com
Marten,Yekta,martenyekta@tailspintoys.com
Teresa,Leigh,teresaleigh@tailspintoys.com
Filip,Davignon,filipdavignon@wingtiptoys.com
Kalyani,Palatova,kalyanipalatova@example.com
Tibor,Rao,tiborrao@wingtiptoys.com
Coralie,Vasiljevic,coralievasiljevic@tailspintoys.com
Blagoje,Nantakarn,blagojenantakarn@wingtiptoys.com
Damodar,Dey,damodardey@example.com
Rahul,Vujica,rahulvujica@wingtiptoys.com
Caterina,Atitarn,caterinaatitarn@wingtiptoys.com
Ngai,Duperre,ngaiduperre@tailspintoys.com
Jaroslav,Enestam,jaroslavenestam@example.com
Javier,Dzene,javierdzene@wingtiptoys.com
Mark,Drdla,markdrdla@wingtiptoys.com
Giovanna,Levesque,giovannalevesque@wingtiptoys.com
Eliza,Babu,elizababu@northwindelectriccars.com
Hathai,Cabrera,hathaicabrera@wingtiptoys.com
Ajitaab,Buecek,ajitaabbuecek@example.com
Geetanjali,Ibanescu,geetanjaliibanescu@tailspintoys.com
Baalamurali,Sonti,baalamuralisonti@wingtiptoys.com
Jawid,Ayd├ä┬▒n,jawidayd├ñ┬▒n@tailspintoys.com
Seeta,Zeltina,seetazeltina@tailspintoys.com
Mani,Buresova,maniburesova@tailspintoys.com
Emilie,Pena,emiliepena@example.com
Viktorie,Dvorak,viktoriedvorak@wingtiptoys.com
Isidora,Menon,isidoramenon@example.com
Raymond,Couet,raymondcouet@tailspintoys.com
Aamdaal,Aguilar,aamdaalaguilar@wingtiptoys.com
Doru,Cardoso,dorucardoso@wingtiptoys.com
Duck-Hwan,Kuchtova,duck-hwankuchtova@tailspintoys.com
Noel,Trung,noeltrung@wingtiptoys.com
Tatjana,Mercier,tatjanamercier@tailspintoys.com
Veronika,Kantee,veronikakantee@example.com
Bozena,Nutiu,bozenanutiu@tailspintoys.com
Rama,Kallas,ramakallas@tailspintoys.com
Marcella,Johansson,marcellajohansson@tailspintoys.com
Biplab,Tirlea,biplabtirlea@tailspintoys.com
Daedeepya,Arvidsson,daedeepyaarvidsson@wingtiptoys.com
Dhaatri,Saarijarvi,dhaatrisaarijarvi@example.com
Constanta,Code,constantacode@wingtiptoys.com
Andrei,Mercier,andreimercier@wingtiptoys.com
Julia,Vladu,juliavladu@wingtiptoys.com
Tobias,Harmsen,tobiasharmsen@wingtiptoys.com
Vinicius,Mokkapati,viniciusmokkapati@wingtiptoys.com
Ranjeet,Ciora,ranjeetciora@wingtiptoys.com
Mahendra,Stejskalova,mahendrastejskalova@wingtiptoys.com
Amornrat,Paik,amornratpaik@tailspintoys.com
Aet,Bach,aetbach@wingtiptoys.com
Eesvaraavu,Ly,eesvaraavuly@wingtiptoys.com
Kristi,Malk,kristimalk@example.com
Ae-Cha,Bach,ae-chabach@tailspintoys.com
Hanita,Caraballo,hanitacaraballo@example.com
Nadja,ozCelik,nadjaozcelik@tailspintoys.com
Murugan,Nedvidek,murugannedvidek@tailspintoys.com
Vitezslav,ozbek,vitezslavozbek@wingtiptoys.com
Madelaine,Kalejs,madelainekalejs@wingtiptoys.com
Tea,Wongsawat,teawongsawat@tailspintoys.com
Bhaamini,Polaskova,bhaaminipolaskova@example.com
Roko,Nikolic,rokonikolic@example.com
Suparna,ozden,suparnaozden@example.com
Floris,Kamath,floriskamath@wingtiptoys.com
Marcel,Y├ä┬▒lmaz,marcely├ñ┬▒lmaz@tailspintoys.com
Rajeev,Desai,rajeevdesai@example.com
Bhaamini,Hlouskova,bhaaminihlouskova@wingtiptoys.com
Doru,Kubat,dorukubat@wingtiptoys.com
Maurice,Cunha,mauricecunha@wingtiptoys.com
Hoc,Cartier,hoccartier@wingtiptoys.com
Andrei,Cheema,andreicheema@wingtiptoys.com
Giovanna,Karlsson,giovannakarlsson@wingtiptoys.com
Alessandra,Sal,alessandrasal@wingtiptoys.com
Amanda,Gwak,amandagwak@wingtiptoys.com
Lovro,Dinh,lovrodinh@tailspintoys.com
Abel,Vassiljev,abelvassiljev@example.com
Staffan,Bach,staffanbach@example.com
Aile,Usenuly,aileusenuly@tailspintoys.com
Ioana,Jevtic,ioanajevtic@example.com
Ondrej,Gunes,ondrejgunes@wingtiptoys.com
Jitka,Koppel,jitkakoppel@wingtiptoys.com
Gianguido,Ogra,gianguidoogra@tailspintoys.com
Vilma,Javan,vilmajavan@litwareinc.com
An Dung,Saidi,andungsaidi@wingtiptoys.com
Varuna,Meesang,varunameesang@wingtiptoys.com
Eero,Oh,eerooh@tailspintoys.com
Enes,Arana,enesarana@wingtiptoys.com
Amarendra,Drdla,amarendradrdla@tailspintoys.com
Camille,Cu,camillecu@example.com
Burak,Barney,burakbarney@wingtiptoys.com
Kahkushan,Valbe,kahkushanvalbe@wingtiptoys.com
Debbie,Eder,debbieeder@example.com
Victoria,Melicharova,victoriamelicharova@example.com
Christian,Atitarn,christianatitarn@example.com
Som,Stojanovic,somstojanovic@example.com
Catalina,Thota,catalinathota@wingtiptoys.com
Marcos,Debnath,marcosdebnath@nodpublishers.com
Dana,English,danaenglish@wingtiptoys.com
Lilli,Makay,lillimakay@example.com
Mukta,Divisova,muktadivisova@wingtiptoys.com
Nasrin,Degtyarev,nasrindegtyarev@tailspintoys.com
Milada,Van Veenen,miladavanveenen@wingtiptoys.com
Saraswati,Prikrylova,saraswatiprikrylova@wingtiptoys.com
Blagoje,Banh,blagojebanh@wingtiptoys.com
Milada,Carvalho,miladacarvalho@tailspintoys.com
Jack,Krievina,jackkrievina@tailspintoys.com
Alessandra,Singh,alessandrasingh@wingtiptoys.com
Sudhir,Rozitis,sudhirrozitis@tailspintoys.com
Linda,Pullela,lindapullela@wingtiptoys.com
Jagoda,Dutta,jagodadutta@tailspintoys.com
Blagoje,Ayd├ä┬▒n,blagojeayd├ñ┬▒n@wingtiptoys.com
Anuj,Walker,anujwalker@wingtiptoys.com
Josef,Todorovic,joseftodorovic@wingtiptoys.com
Fabrice,Ciora,fabriceciora@example.com
Jae-Hwa,Saarijarvi,jae-hwasaarijarvi@wingtiptoys.com
Hedi,Palagummi,hedipalagummi@tailspintoys.com
Penny,Hwang,pennyhwang@graphicdesigninstitute.com
Pavel,Gill,pavelgill@example.com
Pari,Jevtic,parijevtic@example.com
Alena,Ly,alenaly@tailspintoys.com
Avani,Rallapalli,avanirallapalli@tailspintoys.com
Rahul,Isa,rahulisa@wingtiptoys.com
Mandeep,Joshi,mandeepjoshi@wingtiptoys.com
Basak,KlanCisar,basakklancisar@wingtiptoys.com
Lata,Van Zant,latavanzant@tailspintoys.com
Murugan,Dzene,murugandzene@tailspintoys.com
Taneli,Boule,taneliboule@example.com
Duong,Kubat,duongkubat@tailspintoys.com
Madhavi,Hermansson,madhavihermansson@wingtiptoys.com
Emine,Bratianu,eminebratianu@wingtiptoys.com
Kanika,Michnova,kanikamichnova@tailspintoys.com
Kahkushan,Sokk,kahkushansokk@wingtiptoys.com
Bishwanath,Bagchi,bishwanathbagchi@tailspintoys.com
Daniella,Alizadeh,daniellaalizadeh@tailspintoys.com
Aija,Erdogan,aijaerdogan@tailspintoys.com
Tamer,Dao,tamerdao@tailspintoys.com
Allan,Diaz,allandiaz@example.com
Parveen,Walkky,parveenwalkky@wingtiptoys.com
Margita,Cabrera,margitacabrera@tailspintoys.com
Markus,Dumina,markusdumina@tailspintoys.com
Nguyet,Pelland,nguyetpelland@wingtiptoys.com
Tatjana,Heo,tatjanaheo@tailspintoys.com
Viljo,Berthelette,viljoberthelette@tailspintoys.com
Anna,Karnik,annakarnik@example.com
Dattu,Sedlar,dattusedlar@wingtiptoys.com
Gilbert,Forlonge,gilbertforlonge@tailspintoys.com
Birol,Sokk,birolsokk@wingtiptoys.com
Miika,Bhowmick,miikabhowmick@wingtiptoys.com
Huu,Pace,huupace@tailspintoys.com
Olafs,Kallas,olafskallas@example.com
Linh,Bonsaint,linhbonsaint@example.com
Jose,Sikdar,josesikdar@wingtiptoys.com
Seok-Ho,Raina,seok-horaina@tailspintoys.com
Baanuraekha,Tatarescu,baanuraekhatatarescu@wingtiptoys.com
Bao,Ravlen,baoravlen@tailspintoys.com
Volkan,Korkmaz,volkankorkmaz@example.com
Prem,Stojkovic,premstojkovic@lucernepublishing.com
Krista,Tu,kristatu@tailspintoys.com
Chung-Ho,Magnusson,chung-homagnusson@tailspintoys.com
Kimberly,Parkar,kimberlyparkar@tailspintoys.com
Chaayaadaevi,Sonti,chaayaadaevisonti@example.com
Gino,Petrov,ginopetrov@wingtiptoys.com
Krista,Van Vossen,kristavanvossen@tailspintoys.com
Vicente,Celik,vicentecelik@tailspintoys.com
Duleep,Vassiljev,duleepvassiljev@wingtiptoys.com
Kristiina,KlanCisar,kristiinaklancisar@example.com
Raimonds,Heikkinen,raimondsheikkinen@tailspintoys.com
Agrita,Aggarwal,agritaaggarwal@wingtiptoys.com
Maurice,Buecek,mauricebuecek@wingtiptoys.com
Ebru,Srbova,ebrusrbova@example.com
Eugen,Blagojevic,eugenblagojevic@example.com
Ludmila,Florea,ludmilaflorea@example.com
Lana,Blaho,lanablaho@tailspintoys.com
Constanta,Munteanu,constantamunteanu@wingtiptoys.com
Iulia,Almeida,iuliaalmeida@wingtiptoys.com
Chau,Ogra,chauogra@wingtiptoys.com
Damodara,Gajula,damodaragajula@example.com
Bhaavan,Fields,bhaavanfields@example.com
Gal,Djalili,galdjalili@wingtiptoys.com
Leyla,Ahmadian,leylaahmadian@example.com
Taner,Pipalia,tanerpipalia@wingtiptoys.com
Chung-Ho,Boose,chung-hoboose@tailspintoys.com
Deeptendu,Y├ä┬▒lmaz,deeptenduy├ñ┬▒lmaz@wingtiptoys.com
Daina,Dupuy,dainadupuy@tailspintoys.com
Dharanikumaar,Fallahi,dharanikumaarfallahi@tailspintoys.com
Verona,Bezanson,veronabezanson@wingtiptoys.com
Tamer,Min,tamermin@tailspintoys.com
Miroslav,Barajas,miroslavbarajas@wingtiptoys.com
Beau,Akbulut,beauakbulut@tailspintoys.com
Hoang,Juniskyzy,hoangjuniskyzy@tailspintoys.com
Hoc,Balog,hocbalog@example.com
Serdar,Jetjirawat,serdarjetjirawat@example.com
Julio,Kangur,juliokangur@tailspintoys.com
Sylvie,Vera,sylvievera@wingtiptoys.com
Karel,Heo,karelheo@tailspintoys.com
Diego,Gadiyaram,diegogadiyaram@tailspintoys.com
Seo-yun,Todorovic,seo-yuntodorovic@example.com
Martina,stakne,martinastakne@wingtiptoys.com
Amrita,Devulapalli,amritadevulapalli@example.com
GokCe,Rakus,gokcerakus@tailspintoys.com
Hanna,Walker,hannawalker@contoso.com
Waldemar,Koch,waldemarkoch@tailspintoys.com
Zbynek,Kidambi,zbynekkidambi@wingtiptoys.com
Satish,Charoenkul,satishcharoenkul@tailspintoys.com
Noel,Huq,noelhuq@wingtiptoys.com
Chandrashekhar,Milano,chandrashekharmilano@example.com
Piper,Kolios,piperkolios@tailspintoys.com
Raj,Paulet,rajpaulet@example.com
Serhat,Poddar,serhatpoddar@tailspintoys.com
Chandrakanta,Tekin,chandrakantatekin@tailspintoys.com
Valter,Sonti,valtersonti@example.com
Rajiv,Buccho,rajivbuccho@wingtiptoys.com
Chandana,Tang,chandanatang@example.com
Yi Min,Schol,yiminschol@wingtiptoys.com
Priya,Wattanasin,priyawattanasin@tailspintoys.com
Adriana,Clark,adrianaclark@wingtiptoys.com
Bansidhar,Pin├ä┬Åakova,bansidharpin├ñ┬Åakova@tailspintoys.com
Tereza,Mitra,terezamitra@tailspintoys.com
Nguyen,ozbek,nguyenozbek@example.com
Lilli,Neumann,lillineumann@example.com
Gianguido,Javan,gianguidojavan@tailspintoys.com
Ramesh,Debeljak,rameshdebeljak@tailspintoys.com
Viljo,Gormanston,viljogormanston@tailspintoys.com
Donald,Ghate,donaldghate@woodgrovebank.com
Mala,Lamble,malalamble@wingtiptoys.com
Sointu,Jang,sointujang@example.com
Coralie,Correa,coraliecorrea@wingtiptoys.com
Olya,Nandamuri,olyanandamuri@example.com
Katie,Laramee,katielaramee@wideworldimporters.com
Alessandra,Ghate,alessandraghate@wingtiptoys.com
Mauno,Mukherjee,maunomukherjee@example.com
Juan,Stavinohova,juanstavinohova@example.com
Duong,Aggarwal,duongaggarwal@tailspintoys.com
Nadir,Zeman,nadirzeman@example.com
Gurudas,Trang,gurudastrang@wingtiptoys.com
Durjoy,Ibanescu,durjoyibanescu@wingtiptoys.com
Robert,Raina,robertraina@wingtiptoys.com
Amit,Meesang,amitmeesang@wingtiptoys.com
Ji-min,Pornpipatpong,ji-minpornpipatpong@wingtiptoys.com
Gunnar,Kantee,gunnarkantee@wingtiptoys.com
Uma,Banerjee,umabanerjee@tailspintoys.com
Emil,Juniskyzy,emiljuniskyzy@tailspintoys.com
Julio,Pinto,juliopinto@tailspintoys.com
Jae-Hwa,Mitra,jae-hwamitra@tailspintoys.com
Piper,Leigh,piperleigh@wideworldimporters.com
Rohan,Pasek,rohanpasek@wingtiptoys.com
Anca,Jones,ancajones@example.com
Shiva,Naidu,shivanaidu@wingtiptoys.com
Arundhati,Bach,arundhatibach@wingtiptoys.com
Brenda,Diaz,brendadiaz@tailspintoys.com
Gilbert,Jonsson,gilbertjonsson@tailspintoys.com
Darshana,Part,darshanapart@example.com
Anindo,Ghate,anindoghate@tailspintoys.com
Hang,Beniwal,hangbeniwal@tailspintoys.com
Ruby,Khandke,rubykhandke@tailspintoys.com
Theodore,Ton,theodoreton@tailspintoys.com
Georg,Buck,georgbuck@tailspintoys.com
Kajsa,Gomes,kajsagomes@wingtiptoys.com
Mirjam,Davignon,mirjamdavignon@tailspintoys.com
Mukta,Rahimi,muktarahimi@wingtiptoys.com
Chandrakanta,Gill,chandrakantagill@tailspintoys.com
Agrita,Olsson,agritaolsson@example.com
Gurudas,Niemi,gurudasniemi@wingtiptoys.com
Nada,Soderberg,nadasoderberg@example.com
Hoang,oz,hoangoz@tailspintoys.com
Karina,Kjcar,karinakjcar@tailspintoys.com
Ferhat,Kongpaisarn,ferhatkongpaisarn@tailspintoys.com
Cong,Nemeth,congnemeth@tailspintoys.com
Elina,Peng,elinapeng@example.com
Marco,Fard,marcofard@wingtiptoys.com
Birgit,Rakus,birgitrakus@wingtiptoys.com
Chandran,Jankova,chandranjankova@wingtiptoys.com
Martina,Kjcar,martinakjcar@wingtiptoys.com
Devraj,Majumdar,devrajmajumdar@example.com
Flora,Tuntayakul,floratuntayakul@wingtiptoys.com
Olya,Henzl,olyahenzl@wingtiptoys.com
Afshin,Vujica,afshinvujica@tailspintoys.com
Rajiv,Jonsson,rajivjonsson@wingtiptoys.com
Seo-yun,Knihtila,seo-yunknihtila@example.com
Alinne,Divisova,alinnedivisova@tailspintoys.com
Lan,Shaker Doust,lanshakerdoust@wingtiptoys.com
Sudhir,Roy,sudhirroy@tailspintoys.com
Biplab,Menon,biplabmenon@tailspintoys.com
Aleksandrs,Fisar,aleksandrsfisar@wingtiptoys.com
Akshayakeerti,Saar,akshayakeertisaar@wingtiptoys.com
Jure,Smidova,juresmidova@tailspintoys.com
Arundhati,Prabhu,arundhatiprabhu@wingtiptoys.com
Mariela,stakne,marielastakne@wingtiptoys.com
Ivica,Lukstina,ivicalukstina@wingtiptoys.com
Jitka,Buccho,jitkabuccho@wingtiptoys.com
Amrita,Raju,amritaraju@example.com
Amarakumaar,Profis,amarakumaarprofis@example.com
Valentin,Pajer,valentinpajer@example.com
Raimonds,Ch├â┬ívez,raimondsch├ú┬ívez@tailspintoys.com
Leyla,Aasmae,leylaaasmae@example.com
Izan,Haldar,izanhaldar@wingtiptoys.com
Pari,Radan,pariradan@example.com
Shi,Vinjamuri,shivinjamuri@example.com
Jay,Saucedo,jaysaucedo@example.com
Roman,Benjaree,romanbenjaree@tailspintoys.com
Meera,Mudigonda,meeramudigonda@example.com
Priya,Lucchese,priyalucchese@tailspintoys.com
Rafael,Davignon,rafaeldavignon@wingtiptoys.com
Nils,Rakus,nilsrakus@tailspintoys.com
Esha,Bonsaint,eshabonsaint@wingtiptoys.com
Gi-Suk,Friar,gi-sukfriar@wingtiptoys.com
Ganesh,Srisati,ganeshsrisati@example.com
Nu,Kangur,nukangur@tailspintoys.com
Jaroslav,Rakus,jaroslavrakus@example.com
Hoc,Naicker,hocnaicker@wingtiptoys.com
August,Stavinohova,auguststavinohova@tailspintoys.com
Zala,Hermansson,zalahermansson@tailspintoys.com
Stefan,Liepa,stefanliepa@example.com
Saraswati,Fisar,saraswatifisar@wingtiptoys.com
Baalaaditya,Veenhuizen,baalaadityaveenhuizen@wingtiptoys.com
Vera,Usenuly,verausenuly@tailspintoys.com
David,Van Zant,davidvanzant@wingtiptoys.com
Prasanna,Buecek,prasannabuecek@wingtiptoys.com
Ivica,Osorio,ivicaosorio@wingtiptoys.com
Devendranath,Mudigonda,devendranathmudigonda@wingtiptoys.com
Chandra,Mae,chandramae@tailspintoys.com
Dinara,Mitra,dinaramitra@tailspintoys.com
Nguyen,LeBatelier,nguyenlebatelier@example.com
Flora,Macnamara,floramacnamara@wingtiptoys.com
Antra,Matos,antramatos@tailspintoys.com
Roberts,Ruutel,robertsruutel@wingtiptoys.com
Ceyhun,Rehak,ceyhunrehak@tailspintoys.com
Bhanu,Cosic,bhanucosic@tailspintoys.com
Chung-Ho,Desforges,chung-hodesforges@tailspintoys.com
Seok-Ho,Klaus,seok-hoklaus@tailspintoys.com
Birgit,Linna,birgitlinna@wingtiptoys.com
Markus,Fritzsche,markusfritzsche@tailspintoys.com
Be,Nguyen,benguyen@example.com
Tarja,Ude,tarjaude@wingtiptoys.com
Dena,Gadiyaram,denagadiyaram@example.com
Tess,Saenamuang,tesssaenamuang@wingtiptoys.com
Malle,Srbova,mallesrbova@tailspintoys.com
Jae-Gon,Havzija,jae-gonhavzija@tailspintoys.com
Airi,Rehak,airirehak@tailspintoys.com
Dayarama,Shetty,dayaramashetty@tailspintoys.com
Debraj,Zvaigzne,debrajzvaigzne@wingtiptoys.com
Pranav,Juniskyzy,pranavjuniskyzy@wingtiptoys.com
Nejc,Folliero,nejcfolliero@tailspintoys.com
Sirirat,Lawson,siriratlawson@wingtiptoys.com
Jitka,Kotadia,jitkakotadia@wingtiptoys.com
Libuse,Szolosy,libuseszolosy@example.com
Margit,Sandell,margitsandell@wingtiptoys.com
Nadir,Cattaneo,nadircattaneo@example.com
Miika,Bhat,miikabhat@wingtiptoys.com
Edmee,Smith,edmeesmith@example.com
Ambareesh,Balog,ambareeshbalog@wingtiptoys.com
Gal,Escobar,galescobar@wingtiptoys.com
Malay,English,malayenglish@tailspintoys.com
Hue,Kabin,huekabin@example.com
Nagur,Karlsson,nagurkarlsson@wingtiptoys.com
Georg,House,georghouse@tailspintoys.com
Jagoda,Mazumdar,jagodamazumdar@tailspintoys.com
Huu,Shahrestaani,huushahrestaani@tailspintoys.com
omer,Pasek,omerpasek@wingtiptoys.com
Taj,Svensson,tajsvensson@wideworldimporters.com
Bay,Ledezma,bayledezma@wingtiptoys.com
Serkan,Tottempudi,serkantottempudi@tailspintoys.com
Ioana,Lippmaa,ioanalippmaa@example.com
Kertu,Shakiba,kertushakiba@tailspintoys.com
Adrijana,Seegers,adrijanaseegers@tailspintoys.com
Bholanath,Raina,bholanathraina@tailspintoys.com
Katie,Valbe,katievalbe@wideworldimporters.com
Ik-Soo,Kask,ik-sookask@wingtiptoys.com
Dhaeraemdranaadh,Joo,dhaeraemdranaadhjoo@wingtiptoys.com
Mahavir,Tuntayakul,mahavirtuntayakul@example.com
Aet,Jakobsson,aetjakobsson@wingtiptoys.com
Prabodh,Valbe,prabodhvalbe@example.com
Mina,Knihtila,minaknihtila@wingtiptoys.com
Bianh,Madera,bianhmadera@tailspintoys.com
Yavuz,Juniskyzy,yavuzjuniskyzy@wingtiptoys.com
Chandrashekhar,Saulitis,chandrashekharsaulitis@example.com
Brayden,Grosse,braydengrosse@wingtiptoys.com
Hee-Young,Neumann,hee-youngneumann@example.com
Nada,Trang,nadatrang@example.com
Mala,Y├ä┬▒lmaz,malay├ñ┬▒lmaz@wingtiptoys.com
Prabodh,Preda,prabodhpreda@example.com
Truman,Slosar,trumanslosar@tailspintoys.com
Catalina,Benko,catalinabenko@wingtiptoys.com
Rohana,Arslan,rohanaarslan@tailspintoys.com
Aamdaal,Cervenkova,aamdaalcervenkova@wingtiptoys.com
Hai,Formanek,haiformanek@thephone-company.com
Olafs,ozden,olafsozden@example.com
Dhavala,Malk,dhavalamalk@wingtiptoys.com
Haasini,Kabin,haasinikabin@tailspintoys.com
Valter,Agafitei,valteragafitei@example.com
Pavel,Barney,pavelbarney@example.com
Blagoje,Weitzer,blagojeweitzer@wingtiptoys.com
Jackson,Bhuiyan,jacksonbhuiyan@example.com
Abhra,Jones,abhrajones@example.com
Raine,Lu├ä┬ìic,rainelu├ñ┬ìic@wingtiptoys.com
Gireesh,Palatova,gireeshpalatova@wingtiptoys.com
Helen,Lee,helenlee@consolidatedmessenger.com
Anand,Sin,anandsin@example.com
V├äΓÇ║ra,Wintle,v├ñΓÇ║rawintle@wingtiptoys.com
Ayberk,Pin├ä┬Åakova,ayberkpin├ñ┬Åakova@tailspintoys.com
Adam,Osorio,adamosorio@wingtiptoys.com
Devraj,Karaca,devrajkaraca@example.com
Ji-min,Hosseini,ji-minhosseini@wingtiptoys.com
Margit,Nastase,margitnastase@wingtiptoys.com
Kurt,Pornpipatpong,kurtpornpipatpong@wingtiptoys.com
Jayanta,Berggren,jayantaberggren@example.com
Volkan,Palagummi,volkanpalagummi@example.com
Beatrise,Skujins,beatriseskujins@tailspintoys.com
Olafs,Radoncis,olafsradoncis@example.com
Ava,Matos,avamatos@wingtiptoys.com
Sirirat,Yli-Sirnio,siriratyli-sirnio@wingtiptoys.com
Ngai,Kaulins,ngaikaulins@tailspintoys.com
Izan,Huiting,izanhuiting@wingtiptoys.com
Sylvie,Pornpipatpong,sylviepornpipatpong@wingtiptoys.com
Kadir,Stolinova,kadirstolinova@wingtiptoys.com
Ganesh,Cosic,ganeshcosic@wingtiptoys.com
Victoria,Gallo,victoriagallo@wingtiptoys.com
Sunil,Westerink,sunilwesterink@wingtiptoys.com
Daina,Authier,dainaauthier@tailspintoys.com
Ethan,Koch,ethankoch@tailspintoys.com
Can,Zujovic,canzujovic@example.com
Alena,Rahimi,alenarahimi@tailspintoys.com
Raj,Ellenbroek,rajellenbroek@example.com
Radha,Muirden,radhamuirden@tailspintoys.com
Zala,Bratianu,zalabratianu@wingtiptoys.com
Ivo,Peng,ivopeng@wingtiptoys.com
Madhavi,Bandopadhyay,madhavibandopadhyay@wingtiptoys.com
Nagur,safranek,nagursafranek@wingtiptoys.com
Enes,Celik,enescelik@wingtiptoys.com
Priya,Paulet,priyapaulet@wingtiptoys.com
Mala,Piip,malapiip@wingtiptoys.com
Edgar,Pokorna,edgarpokorna@example.com
Martina,Melicharova,martinamelicharova@wingtiptoys.com
Ashish,Siavashi,ashishsiavashi@tailspintoys.com
Gabriela,Petrov,gabrielapetrov@tailspintoys.com
Robert,Modi,robertmodi@tailspintoys.com
Ivica,Duperre,ivicaduperre@wingtiptoys.com
Cuneyt,Srivastava,cuneytsrivastava@example.com
Razeena,Pisani,razeenapisani@tailspintoys.com
Kalidas,Belisle,kalidasbelisle@tailspintoys.com
Bich,Dzenis,bichdzenis@wingtiptoys.com
Ethan,Gallo,ethangallo@tailspintoys.com
Zac,Panetier,zacpanetier@tailspintoys.com
Julia,Cirulis,juliacirulis@tailspintoys.com
Sumati,Muppavarapu,sumatimuppavarapu@example.com
Jai,Chu,jaichu@example.com
Shefali,Spousta,shefalispousta@tailspintoys.com
Dattaatraeya,Michnova,dattaatraeyamichnova@wingtiptoys.com
Leena,Saowaluk,leenasaowaluk@wingtiptoys.com
Piper,Kotadia,piperkotadia@wideworldimporters.com
Huu,Yekta,huuyekta@tailspintoys.com
Ondrej,Kask,ondrejkask@wingtiptoys.com
Seo-yeon,Hinton,seo-yeonhinton@wingtiptoys.com
Ileana,Gummadi,ileanagummadi@tailspintoys.com
Prabodh,Degtyarev,prabodhdegtyarev@example.com
Rakhshinda,Sonti,rakhshindasonti@wingtiptoys.com
Ian,Aupry,ianaupry@example.com
Aakarsha,Saar,aakarshasaar@tailspintoys.com
Amarakumaar,Zhong,amarakumaarzhong@example.com
Amarakumaar,Debeljak,amarakumaardebeljak@example.com
Dhavala,Rupp,dhavalarupp@wingtiptoys.com
Kerstin,Le,kerstinle@consolidatedmessenger.com
Paola,Y├ä┬▒lmaz,paolay├ñ┬▒lmaz@wingtiptoys.com
Mauno,Flores,maunoflores@example.com
Geetanjali,Florea,geetanjaliflorea@tailspintoys.com
Joel,Kasesalu,joelkasesalu@example.com
Satish,Atluri,satishatluri@example.com
Nishant,Kaleja,nishantkaleja@wingtiptoys.com
Ida,Vesik,idavesik@example.com
Ivan,Costa,ivancosta@example.com
Anima,Horackova,animahorackova@tailspintoys.com
Intira,Lukstina,intiralukstina@tailspintoys.com
Hathai,Van Vossen,hathaivanvossen@wingtiptoys.com
Manindra,Seppanen,manindraseppanen@wingtiptoys.com
Teresa,Jo,teresajo@tailspintoys.com
Margita,Szolosy,margitaszolosy@tailspintoys.com
Masa,Ibrahimagic,masaibrahimagic@wingtiptoys.com
Marcos,Kaul,marcoskaul@nodpublishers.com
Debbie,Dwivedi,debbiedwivedi@example.com
Hudson,Westerink,hudsonwesterink@wideworldimporters.com
David,Ghatak,davidghatak@example.com
Nguyen,Varghese,nguyenvarghese@example.com
Stefan,Harmsen,stefanharmsen@example.com
Marcos,Lawson,marcoslawson@nodpublishers.com
Biju,Supitayaporn,bijusupitayaporn@example.com
Vlastimil,Cavalcante,vlastimilcavalcante@tailspintoys.com
Maxime,Shahrestaani,maximeshahrestaani@wingtiptoys.com
Krishnam,Pinto,krishnampinto@example.com
Gustav,Stojanovic,gustavstojanovic@wingtiptoys.com
Chin-Sun,Melicharova,chin-sunmelicharova@example.com
Hemchandra,Ghosh,hemchandraghosh@wingtiptoys.com
Edmee,Samavedam,edmeesamavedam@wingtiptoys.com
Nasrin,Van Lier,nasrinvanlier@tailspintoys.com
Prasert,Barbosa,prasertbarbosa@wingtiptoys.com
Taj,Mutlu,tajmutlu@wideworldimporters.com
Rajiv,safranek,rajivsafranek@wingtiptoys.com
Jay,Potter,jaypotter@example.com
Baalaaditya,Dixit,baalaadityadixit@wingtiptoys.com
Ramesh,Saenamuang,rameshsaenamuang@tailspintoys.com
Ashish,Jelic,ashishjelic@tailspintoys.com
Eric,Vassiljev,ericvassiljev@example.com
Baalaaditya,Kulaga,baalaadityakulaga@wingtiptoys.com
Timea,Edden,timeaedden@tailspintoys.com
Floris,Orav,florisorav@wingtiptoys.com
Shobha,Tran,shobhatran@wingtiptoys.com
Joel,Podnieks,joelpodnieks@example.com
Dhanishta,Sin,dhanishtasin@tailspintoys.com
Gabriele,Oh,gabrieleoh@tailspintoys.com
Hanna,Ivanov,hannaivanov@contoso.com
Matyas,Lucchesi,matyaslucchesi@tailspintoys.com
Malle,Desai,malledesai@tailspintoys.com
Mukta,Iyer,muktaiyer@wingtiptoys.com
Jackson,Asthana,jacksonasthana@example.com
Himadri,Kallas,himadrikallas@wingtiptoys.com
Waldemar,Rallapalli,waldemarrallapalli@tailspintoys.com
Gireesh,Jonsson,gireeshjonsson@wingtiptoys.com
Sercan,Rao,sercanrao@example.com
Geza,Nesic,gezanesic@example.com
Josefa,Tuntayakul,josefatuntayakul@tailspintoys.com
Indra,Kaulins,indrakaulins@wingtiptoys.com
Sandhya,Usenuly,sandhyausenuly@tailspintoys.com
Ethan,Debnath,ethandebnath@wideworldimporters.com
Koknesis,Duperre,koknesisduperre@tailspintoys.com
Julianna,Vasiljevic,juliannavasiljevic@wingtiptoys.com
Deviprasad,Kaulina,deviprasadkaulina@wingtiptoys.com
Intira,Ghatak,intiraghatak@tailspintoys.com
Teresa,Vlad,teresavlad@tailspintoys.com
Amarasimha,Huq,amarasimhahuq@example.com
Malay,Stojanovic,malaystojanovic@tailspintoys.com
Kalidas,Bae,kalidasbae@tailspintoys.com
Ganesh,Makay,ganeshmakay@wingtiptoys.com
Kauan,Shand,kauanshand@wingtiptoys.com
Filip,Rastgu,filiprastgu@tailspintoys.com
Marcella,Haldar,marcellahaldar@tailspintoys.com
Amornrat,Blaho,amornratblaho@tailspintoys.com
Darshana,Clark,darshanaclark@example.com
Mina,Piip,minapiip@wingtiptoys.com
Rafael,Saucedo,rafaelsaucedo@wingtiptoys.com
Marek,Buck,marekbuck@wingtiptoys.com
Penny,Balaz,pennybalaz@graphicdesigninstitute.com
Lata,Alfred,lataalfred@tailspintoys.com
Gulzar,Abbasi,gulzarabbasi@tailspintoys.com
Taneli,Sandhu,tanelisandhu@wingtiptoys.com
Lap,Modi,lapmodi@tailspintoys.com
Natalie,Lu├ä┬ìic,natalielu├ñ┬ìic@wingtiptoys.com
Hubert,Utjesenovic,hubertutjesenovic@wingtiptoys.com
Tatjana,Mae,tatjanamae@tailspintoys.com
Gulzar,Kwak,gulzarkwak@wingtiptoys.com
Daniela,Bandopadhyay,danielabandopadhyay@tailspintoys.com
Johanna,Mittal,johannamittal@example.com
Rachelle,Alksne,rachellealksne@tailspintoys.com
Basak,Spirlea,basakspirlea@wingtiptoys.com
Timea,Shaker Doust,timeashakerdoust@tailspintoys.com
Jack,Keskula,jackkeskula@tailspintoys.com
Mariano,Nutiu,marianonutiu@tailspintoys.com
Fabio,Pavlovic,fabiopavlovic@wingtiptoys.com
Paul,Forlonge,paulforlonge@wingtiptoys.com
Dipti,Holy,diptiholy@example.com
Kurt,Smirnov,kurtsmirnov@wingtiptoys.com
Gundega,Wattanasin,gundegawattanasin@wingtiptoys.com
Gita,Cunha,gitacunha@tailspintoys.com
Aakriti,Ayd├ä┬▒n,aakritiayd├ñ┬▒n@wingtiptoys.com
Duangrat,Ngo,duangratngo@wingtiptoys.com
Eero,Krastins,eerokrastins@tailspintoys.com
Tuulikki,Stolinova,tuulikkistolinova@example.com
Gabriela,La,gabrielala@example.com
Chandrakanta,Cervenkova,chandrakantacervenkova@tailspintoys.com
Ingrida,Thakur,ingridathakur@example.com
Nasrin,Fischer,nasrinfischer@tailspintoys.com
V├äΓÇ║ra,Raut,v├ñΓÇ║raraut@wingtiptoys.com
Aakriti,Paruchuri,aakritiparuchuri@wingtiptoys.com
Eva,Dam,evadam@wideworldimporters.com
Daniella,Jones,daniellajones@wingtiptoys.com
Som,Banh,sombanh@example.com
Bela,Chu,belachu@tailspintoys.com
Thanh,Thakur,thanhthakur@thephone-company.com
Bay,Pace,baypace@wingtiptoys.com
Bhagavaan,Mansouri,bhagavaanmansouri@example.com
Himadri,Lampsa,himadrilampsa@wingtiptoys.com
Baebeesarasvati,Edden,baebeesarasvatiedden@wingtiptoys.com
Kanika,Rehak,kanikarehak@tailspintoys.com
Intira,Pasek,intirapasek@tailspintoys.com
Sintja,Mokkapati,sintjamokkapati@wingtiptoys.com
Satish,Jakobsson,satishjakobsson@tailspintoys.com
Zala,Chowdary,zalachowdary@tailspintoys.com
Harshini,Dam,harshinidam@tailspintoys.com
Kanika,Isa,kanikaisa@tailspintoys.com
Hele,Ganguly,heleganguly@tailspintoys.com
Sanjay,Omidi,sanjayomidi@wingtiptoys.com
Daniel,Balog,danielbalog@example.com
Divyendu,Jee,divyendujee@wingtiptoys.com
Francesca,Fialova,francescafialova@wingtiptoys.com
Vlatka,Gungor,vlatkagungor@tailspintoys.com
Matyas,Muppavarapu,matyasmuppavarapu@example.com
Raj,Hoornstra,rajhoornstra@example.com
Miroslav,Kulaga,miroslavkulaga@wingtiptoys.com
Bishnu,Mazumdar,bishnumazumdar@wingtiptoys.com
Alain,Buccho,alainbuccho@tailspintoys.com
Sudhir,Hoornstra,sudhirhoornstra@tailspintoys.com
Surat,Akbulut,suratakbulut@wingtiptoys.com
Victoria,Sankaramanchi,victoriasankaramanchi@example.com
Hong,LeBatelier,honglebatelier@tailspintoys.com
Mohini,Lacusta,mohinilacusta@wingtiptoys.com
Jyoti,Aggarwal,jyotiaggarwal@wingtiptoys.com
Valter,Emond,valteremond@example.com
Calin,Cavalcante,calincavalcante@wingtiptoys.com
Anish,Astrom,anishastrom@wingtiptoys.com
Brijesh,Debnath,brijeshdebnath@tailspintoys.com
Bao,Piip,baopiip@tailspintoys.com
Emilie,Kalnins,emiliekalnins@example.com
Avani,Macnamara,avanimacnamara@tailspintoys.com
Gaurav,Dantuluri,gauravdantuluri@wingtiptoys.com
Ae-Cha,Tottempudi,ae-chatottempudi@tailspintoys.com
Radha,Lam,radhalam@example.com
Camille,Morse,camillemorse@tailspintoys.com
David,Bucco,davidbucco@wingtiptoys.com
Mariela,Fields,marielafields@tailspintoys.com
Adriana,Benda,adrianabenda@wingtiptoys.com
Padma,Keskkula,padmakeskkula@wingtiptoys.com
Dhaaruni,Zvirbule,dhaarunizvirbule@tailspintoys.com
Abhoy,Hrastovsek,abhoyhrastovsek@tailspintoys.com
Serkan,Sarma,serkansarma@tailspintoys.com
Petr,Cao,petrcao@wingtiptoys.com
Chau,Allu,chauallu@wingtiptoys.com
Katerina,Muirden,katerinamuirden@example.com
Shah,Greece,shahgreece@tailspintoys.com
Aishwarya,Ghate,aishwaryaghate@example.com
Donald,Aupry,donaldaupry@treyresearch.net
Maurice,Charoenkul,mauricecharoenkul@wingtiptoys.com
Hoc,Javaherian,hocjavaherian@wingtiptoys.com
Lukas,Morse,lukasmorse@wingtiptoys.com
Baanuraekha,Abbasi,baanuraekhaabbasi@wingtiptoys.com
Jay,English,jayenglish@example.com
Chaowalit,Dzenis,chaowalitdzenis@tailspintoys.com
Prasert,Juniskyzy,prasertjuniskyzy@wingtiptoys.com
Gabriela,Penttila,gabrielapenttila@example.com
Varuna,Logan,varunalogan@wingtiptoys.com